id,chapter,chunk,raw_text,clean_text,length,word_count,tfidf_cluster,embed_cluster,scene_label,emotion,spatial_keywords,motion_keywords,intensity,scene_order_param,narrative_family,motion_intensity_param
alice_ch02_c001,2,1,"Down the Rabbit-Hole Alice was beginning to get very tired of sitting by her sister on the bank, and of having nothing to do: once or twice she had peeped into the book her sister was reading, but it had no pictures or conversations in it, `and what is the use of a book,' thought Alice `without pictures or conversation?' So she was considering in her own mind (as well as she could, for the hot day made her feel very sleepy and stupid), whether the pleasure of making a daisy-chain would be worth the trouble of getting up and picking the daisies, when suddenly a White Rabbit with pink eyes ran close by her. There was nothing so VERY remarkable in that; nor did Alice think it so VERY much out of the way to hear the Rabbit say to itself, `Oh dear! Oh dear!",down the rabbit hole alice was beginning to get very tired of sitting by her sister on the bank and of having nothing to do once or twice she had peeped into the book her sister was reading but it had no pictures or conversations in it and what is the use of a book thought alice without pictures or conversation so she was considering in her own mind as well as she could for the hot day made her feel very sleepy and stupid whether the pleasure of making a daisy chain would be worth the trouble of getting up and picking the daisies when suddenly a white rabbit with pink eyes ran close by her there was nothing so very remarkable in that nor did alice think it so very much out of the way to hear the rabbit say to itself oh dear oh dear,741,148,2,2,rabbit_hole,curious,"['horizontal', 'open', 'planar']","['gliding', 'darting', 'drifting']",0.25,0.0,2,0.0833333333333333
alice_ch02_c002,2,2,"I shall be late!' (when she thought it over afterwards, it occurred to her that she ought to have wondered at this, but at the time it all seemed quite natural); but when the Rabbit actually TOOK A WATCH OUT OF ITS WAISTCOAT- POCKET, and looked at it, and then hurried on, Alice started to her feet, for it flashed across her mind that she had never before seen a rabbit with either a waistcoat-pocket, or a watch to take out of it, and burning with curiosity, she ran across the field after it, and fortunately was just in time to see it pop down a large rabbit-hole under the hedge. In another moment down went Alice after it, never once considering how in the world she was to get out again.",i shall be late when she thought it over afterwards it occurred to her that she ought to have wondered at this but at the time it all seemed quite natural but when the rabbit actually took a watch out of its waistcoat pocket and looked at it and then hurried on alice started to her feet for it flashed across her mind that she had never before seen a rabbit with either a waistcoat pocket or a watch to take out of it and burning with curiosity she ran across the field after it and fortunately was just in time to see it pop down a large rabbit hole under the hedge in another moment down went alice after it never once considering how in the world she was to get out again,675,134,2,2,rabbit_hole,curious,"['vertical', 'deep', 'enclosed']","['falling', 'descending', 'popping']",0.7,0.625,2,0.8333333333333331
alice_ch02_c003,2,3,"The rabbit-hole went straight on like a tunnel for some way, and then dipped suddenly down, so suddenly that Alice had not a moment to think about stopping herself before she found herself falling down a very deep well. Either the well was very deep, or she fell very slowly, for she had plenty of time as she went down to look about her and to wonder what was going to happen next. First, she tried to look down and make out what she was coming to, but it was too dark to see anything; then she looked at the sides of the well, and noticed that they were filled with cupboards and book-shelves; here and there she saw maps and pictures hung upon pegs.",the rabbit hole went straight on like a tunnel for some way and then dipped suddenly down so suddenly that alice had not a moment to think about stopping herself before she found herself falling down a very deep well either the well was very deep or she fell very slowly for she had plenty of time as she went down to look about her and to wonder what was going to happen next first she tried to look down and make out what she was coming to but it was too dark to see anything then she looked at the sides of the well and noticed that they were filled with cupboards and book shelves here and there she saw maps and pictures hung upon pegs,640,127,2,2,rabbit_hole,curious,"['vertical', 'cylindrical', 'lined']","['falling', 'sudden_drop', 'slow_descent']",0.6,1.25,2,0.6666666666666665
alice_ch02_c004,2,4,"She took down a jar from one of the shelves as she passed; it was labelled `ORANGE MARMALADE', but to her great disappointment it was empty: she did not like to drop the jar for fear of killing somebody, so managed to put it into one of the cupboards as she fell past it. `Well!' thought Alice to herself, `after such a fall as this, I shall think nothing of tumbling down stairs! How brave they'll all think me at home! Why, I wouldn't say anything about it, even if I fell off the top of the house!' (Which was very likely true.) Down, down, down. Would the fall NEVER come to an end! `I wonder how many miles I've fallen by this time?' she said aloud. `I must be getting somewhere near the centre of the earth.",she took down a jar from one of the shelves as she passed it was labelled orange marmalade but to her great disappointment it was empty she did not like to drop the jar for fear of killing somebody so managed to put it into one of the cupboards as she fell past it well thought alice to herself after such a fall as this i shall think nothing of tumbling down stairs how brave they ll all think me at home why i wouldn t say anything about it even if i fell off the top of the house which was very likely true down down down would the fall never come to an end i wonder how many miles i ve fallen by this time she said aloud i must be getting somewhere near the centre of the earth,681,141,2,2,dream_fall,curious,"['vertical', 'elongated', 'layered']","['falling', 'tumbling', 'drifting']",0.6,1.875,2,0.6666666666666665
alice_ch02_c005,2,5,"Let me see: that would be four thousand miles down, I think--' (for, you see, Alice had learnt several things of this sort in her lessons in the schoolroom, and though this was not a VERY good opportunity for showing off her knowledge, as there was no one to listen to her, still it was good practice to say it over) `--yes, that's about the right distance--but then I wonder what Latitude or Longitude I've got to?' (Alice had no idea what Latitude was, or Longitude either, but thought they were nice grand words to say.) Presently she began again. `I wonder if I shall fall right THROUGH the earth! How funny it'll seem to come out among the people that walk with their heads downward!",let me see that would be four thousand miles down i think for you see alice had learnt several things of this sort in her lessons in the schoolroom and though this was not a very good opportunity for showing off her knowledge as there was no one to listen to her still it was good practice to say it over yes that s about the right distance but then i wonder what latitude or longitude i ve got to alice had no idea what latitude was or longitude either but thought they were nice grand words to say presently she began again i wonder if i shall fall right through the earth how funny it ll seem to come out among the people that walk with their heads downward,660,130,0,2,dream_fall,curious,"['vertical', 'deep', 'inverted']","['falling', 'descending', 'plunging']",0.6,2.5,2,0.6666666666666665
alice_ch02_c006,2,6,"The Antipathies, I think--' (she was rather glad there WAS no one listening, this time, as it didn't sound at all the right word) `--but I shall have to ask them what the name of the country is, you know. Please, Ma'am, is this New Zealand or Australia?' (and she tried to curtsey as she spoke--fancy CURTSEYING as you're falling through the air! Do you think you could manage it?) `And what an ignorant little girl she'll think me for asking! No, it'll never do to ask: perhaps I shall see it written up somewhere.' Down, down, down. There was nothing else to do, so Alice soon began talking again. `Dinah'll miss me very much to-night, I should think!' (Dinah was the cat.) `I hope they'll remember her saucer of milk at tea-time. Dinah my dear! I wish you were down here with me!",the antipathies i think she was rather glad there was no one listening this time as it didn t sound at all the right word but i shall have to ask them what the name of the country is you know please ma am is this new zealand or australia and she tried to curtsey as she spoke fancy curtseying as you re falling through the air do you think you could manage it and what an ignorant little girl she ll think me for asking no it ll never do to ask perhaps i shall see it written up somewhere down down down there was nothing else to do so alice soon began talking again dinah ll miss me very much to night i should think dinah was the cat i hope they ll remember her saucer of milk at tea time dinah my dear i wish you were down here with me,738,154,2,2,rabbit_hole,curious,"['vertical', 'narrow', 'tubular']","['falling', 'rotating', 'accelerating']",0.6,3.125,2,0.6666666666666665
alice_ch02_c007,2,7,"There are no mice in the air, I'm afraid, but you might catch a bat, and that's very like a mouse, you know. But do cats eat bats, I wonder?' And here Alice began to get rather sleepy, and went on saying to herself, in a dreamy sort of way, `Do cats eat bats? Do cats eat bats?' and sometimes, `Do bats eat cats?' for, you see, as she couldn't answer either question, it didn't much matter which way she put it. She felt that she was dozing off, and had just begun to dream that she was walking hand in hand with Dinah, and saying to her very earnestly, `Now, Dinah, tell me the truth: did you ever eat a bat?' when suddenly, thump! thump! down she came upon a heap of sticks and dry leaves, and the fall was over.",there are no mice in the air i m afraid but you might catch a bat and that s very like a mouse you know but do cats eat bats i wonder and here alice began to get rather sleepy and went on saying to herself in a dreamy sort of way do cats eat bats do cats eat bats and sometimes do bats eat cats for you see as she couldn t answer either question it didn t much matter which way she put it she felt that she was dozing off and had just begun to dream that she was walking hand in hand with dinah and saying to her very earnestly now dinah tell me the truth did you ever eat a bat when suddenly thump thump down she came upon a heap of sticks and dry leaves and the fall was over,677,146,2,2,dream_fall,dreamlike,"['vertical', 'layered', 'irregular']","['falling', 'impacting', 'drifting']",0.45,3.75,2,0.41666666666666663
alice_ch02_c008,2,8,"Alice was not a bit hurt, and she jumped up on to her feet in a moment: she looked up, but it was all dark overhead; before her was another long passage, and the White Rabbit was still in sight, hurrying down it. There was not a moment to be lost: away went Alice like the wind, and was just in time to hear it say, as it turned a corner, `Oh my ears and whiskers, how late it's getting!' She was close behind it when she turned the corner, but the Rabbit was no longer to be seen: she found herself in a long, low hall, which was lit up by a row of lamps hanging from the roof.",alice was not a bit hurt and she jumped up on to her feet in a moment she looked up but it was all dark overhead before her was another long passage and the white rabbit was still in sight hurrying down it there was not a moment to be lost away went alice like the wind and was just in time to hear it say as it turned a corner oh my ears and whiskers how late it s getting she was close behind it when she turned the corner but the rabbit was no longer to be seen she found herself in a long low hall which was lit up by a row of lamps hanging from the roof,558,121,2,2,corridor,anxious,"['long', 'low', 'linear']","['leaping', 'forward_translation', 'turning']",0.7,4.375,2,0.8333333333333331
alice_ch02_c009,2,9,"There were doors all round the hall, but they were all locked; and when Alice had been all the way down one side and up the other, trying every door, she walked sadly down the middle, wondering how she was ever to get out again. Suddenly she came upon a little three-legged table, all made of solid glass; there was nothing on it except a tiny golden key, and Alice's first thought was that it might belong to one of the doors of the hall; but, alas! either the locks were too large, or the key was too small, but at any rate it would not open any of them. However, on the second time round, she came upon a low curtain she had not noticed before, and behind it was a little door about fifteen inches high: she tried the little golden key in the lock, and to her great delight it fitted!",there were doors all round the hall but they were all locked and when alice had been all the way down one side and up the other trying every door she walked sadly down the middle wondering how she was ever to get out again suddenly she came upon a little three legged table all made of solid glass there was nothing on it except a tiny golden key and alice s first thought was that it might belong to one of the doors of the hall but alas either the locks were too large or the key was too small but at any rate it would not open any of them however on the second time round she came upon a low curtain she had not noticed before and behind it was a little door about fifteen inches high she tried the little golden key in the lock and to her great delight it fitted,766,156,2,2,corridor,curious,"['enclosed', 'circular', 'low-ceiling']","['walking', 'pacing', 'leaning']",0.5,5.0,2,0.4999999999999999
alice_ch02_c010,2,10,"Alice opened the door and found that it led into a small passage, not much larger than a rat-hole: she knelt down and looked along the passage into the loveliest garden you ever saw. How she longed to get out of that dark hall, and wander about among those beds of bright flowers and those cool fountains, but she could not even get her head though the doorway; `and even if my head would go through,' thought poor Alice, `it would be of very little use without my shoulders. Oh, how I wish I could shut up like a telescope! I think I could, if I only know how to begin.' For, you see, so many out-of-the-way things had happened lately, that Alice had begun to think that very few things indeed were really impossible.",alice opened the door and found that it led into a small passage not much larger than a rat hole she knelt down and looked along the passage into the loveliest garden you ever saw how she longed to get out of that dark hall and wander about among those beds of bright flowers and those cool fountains but she could not even get her head though the doorway and even if my head would go through thought poor alice it would be of very little use without my shoulders oh how i wish i could shut up like a telescope i think i could if i only know how to begin for you see so many out of the way things had happened lately that alice had begun to think that very few things indeed were really impossible,697,139,2,2,corridor,curious,"['narrow', 'constricted', 'elongated']","['shrinking', 'compressing', 'crouching']",0.4,5.625,2,0.3333333333333333
alice_ch02_c011,2,11,"There seemed to be no use in waiting by the little door, so she went back to the table, half hoping she might find another key on it, or at any rate a book of rules for shutting people up like telescopes: this time she found a little bottle on it, (`which certainly was not here before,' said Alice,) and round the neck of the bottle was a paper label, with the words `DRINK ME' beautifully printed on it in large letters. It was all very well to say `Drink me,' but the wise little Alice was not going to do THAT in a hurry.",there seemed to be no use in waiting by the little door so she went back to the table half hoping she might find another key on it or at any rate a book of rules for shutting people up like telescopes this time she found a little bottle on it which certainly was not here before said alice and round the neck of the bottle was a paper label with the words drink me beautifully printed on it in large letters it was all very well to say drink me but the wise little alice was not going to do that in a hurry,506,105,0,2,transformation,curious,"['narrow', 'compact', 'low']","['emerging', 'shrinking', 'expanding']",0.4,6.25,2,0.3333333333333333
alice_ch02_c012,2,12,"`No, I'll look first,' she said, `and see whether it's marked ""poison"" or not'; for she had read several nice little histories about children who had got burnt, and eaten up by wild beasts and other unpleasant things, all because they WOULD not remember the simple rules their friends had taught them: such as, that a red-hot poker will burn you if you hold it too long; and that if you cut your finger VERY deeply with a knife, it usually bleeds; and she had never forgotten that, if you drink much from a bottle marked `poison,' it is almost certain to disagree with you, sooner or later.",no i ll look first she said and see whether it s marked poison or not for she had read several nice little histories about children who had got burnt and eaten up by wild beasts and other unpleasant things all because they would not remember the simple rules their friends had taught them such as that a red hot poker will burn you if you hold it too long and that if you cut your finger very deeply with a knife it usually bleeds and she had never forgotten that if you drink much from a bottle marked poison it is almost certain to disagree with you sooner or later,567,111,2,2,corridor,anxious,"['narrow', 'elongated', 'enclosed']","['tilting', 'flowing', 'drifting']",0.4,6.875,2,0.3333333333333333
alice_ch02_c013,2,13,"However, this bottle was NOT marked `poison,' so Alice ventured to taste it, and finding it very nice, (it had, in fact, a sort of mixed flavour of cherry-tart, custard, pine-apple, roast turkey, toffee, and hot buttered toast,) she very soon finished it off. * * * * * * * * * * * * * * * * * * * * `What a curious feeling!' said Alice; `I must be shutting up like a telescope.' And so it was indeed: she was now only ten inches high, and her face brightened up at the thought that she was now the right size for going through the little door into that lovely garden. First, however, she waited for a few minutes to see if she was going to shrink any further: she felt a little nervous about this; `for it might end, you know,' said Alice to herself, `in my going out altogether, like a candle.",however this bottle was not marked poison so alice ventured to taste it and finding it very nice it had in fact a sort of mixed flavour of cherry tart custard pine apple roast turkey toffee and hot buttered toast she very soon finished it off what a curious feeling said alice i must be shutting up like a telescope and so it was indeed she was now only ten inches high and her face brightened up at the thought that she was now the right size for going through the little door into that lovely garden first however she waited for a few minutes to see if she was going to shrink any further she felt a little nervous about this for it might end you know said alice to herself in my going out altogether like a candle,716,140,2,2,transformation,curious,"['constricted', 'telescopic', 'diminutive']","['shrinking', 'telescoping', 'compressing']",0.6,7.5,2,0.6666666666666665
alice_ch02_c014,2,14,"I wonder what I should be like then?' And she tried to fancy what the flame of a candle is like after the candle is blown out, for she could not remember ever having seen such a thing. After a while, finding that nothing more happened, she decided on going into the garden at once; but, alas for poor Alice! when she got to the door, she found she had forgotten the little golden key, and when she went back to the table for it, she found she could not possibly reach it: she could see it quite plainly through the glass, and she tried her best to climb up one of the legs of the table, but it was too slippery; and when she had tired herself out with trying, the poor little thing sat down and cried.",i wonder what i should be like then and she tried to fancy what the flame of a candle is like after the candle is blown out for she could not remember ever having seen such a thing after a while finding that nothing more happened she decided on going into the garden at once but alas for poor alice when she got to the door she found she had forgotten the little golden key and when she went back to the table for it she found she could not possibly reach it she could see it quite plainly through the glass and she tried her best to climb up one of the legs of the table but it was too slippery and when she had tired herself out with trying the poor little thing sat down and cried,683,139,2,2,transformation,anxious,"['vertical', 'planar', 'narrow']","['climbing', 'slipping', 'reaching']",0.5,8.125,2,0.4999999999999999
alice_ch02_c015,2,15,"`Come, there's no use in crying like that!' said Alice to herself, rather sharply; `I advise you to leave off this minute!' She generally gave herself very good advice, (though she very seldom followed it), and sometimes she scolded herself so severely as to bring tears into her eyes; and once she remembered trying to box her own ears for having cheated herself in a game of croquet she was playing against herself, for this curious child was very fond of pretending to be two people. `But it's no use now,' thought poor Alice, `to pretend to be two people!",come there s no use in crying like that said alice to herself rather sharply i advise you to leave off this minute she generally gave herself very good advice though she very seldom followed it and sometimes she scolded herself so severely as to bring tears into her eyes and once she remembered trying to box her own ears for having cheated herself in a game of croquet she was playing against herself for this curious child was very fond of pretending to be two people but it s no use now thought poor alice to pretend to be two people,537,102,0,2,unknown,anxious,"['confined', 'intimate', 'compact']","['trembling', 'fidgeting', 'subsiding']",0.35,8.75,2,0.24999999999999992
alice_ch02_c016,2,16,"Why, there's hardly enough of me left to make ONE respectable person!' Soon her eye fell on a little glass box that was lying under the table: she opened it, and found in it a very small cake, on which the words `EAT ME' were beautifully marked in currants. `Well, I'll eat it,' said Alice, `and if it makes me grow larger, I can reach the key; and if it makes me grow smaller, I can creep under the door; so either way I'll get into the garden, and I don't care which happens!' She ate a little bit, and said anxiously to herself, `Which way?",why there s hardly enough of me left to make one respectable person soon her eye fell on a little glass box that was lying under the table she opened it and found in it a very small cake on which the words eat me were beautifully marked in currants well i ll eat it said alice and if it makes me grow larger i can reach the key and if it makes me grow smaller i can creep under the door so either way i ll get into the garden and i don t care which happens she ate a little bit and said anxiously to herself which way,517,110,0,2,transformation,anxious,"['narrow', 'low', 'enclosed']","['expanding', 'contracting', 'creeping']",0.6,9.375,2,0.6666666666666665
alice_ch02_c017,2,17,"Which way?', holding her hand on the top of her head to feel which way it was growing, and she was quite surprised to find that she remained the same size: to be sure, this generally happens when one eats cake, but Alice had got so much into the way of expecting nothing but out-of-the-way things to happen, that it seemed quite dull and stupid for life to go on in the common way. So she set to work, and very soon finished off the cake.",which way holding her hand on the top of her head to feel which way it was growing and she was quite surprised to find that she remained the same size to be sure this generally happens when one eats cake but alice had got so much into the way of expecting nothing but out of the way things to happen that it seemed quite dull and stupid for life to go on in the common way so she set to work and very soon finished off the cake,427,89,0,2,transformation,curious,"['vertical', 'uniform', 'centralized']","['expanding', 'contracting', 'oscillating']",0.25,10.0,2,0.0833333333333333
alice_ch03_c001,3,1,"The Pool of Tears `Curiouser and curiouser!' cried Alice (she was so much surprised, that for the moment she quite forgot how to speak good English); `now I'm opening out like the largest telescope that ever was! Good-bye, feet!' (for when she looked down at her feet, they seemed to be almost out of sight, they were getting so far off). `Oh, my poor little feet, I wonder who will put on your shoes and stockings for you now, dears? I'm sure _I_ shan't be able! I shall be a great deal too far off to trouble myself about you: you must manage the best way you can; --but I must be kind to them,' thought Alice, `or perhaps they won't walk the way I want to go! Let me see: I'll give them a new pair of boots every Christmas.' And she went on planning to herself how she would manage it.",the pool of tears curiouser and curiouser cried alice she was so much surprised that for the moment she quite forgot how to speak good english now i m opening out like the largest telescope that ever was good bye feet for when she looked down at her feet they seemed to be almost out of sight they were getting so far off oh my poor little feet i wonder who will put on your shoes and stockings for you now dears i m sure i shan t be able i shall be a great deal too far off to trouble myself about you you must manage the best way you can but i must be kind to them thought alice or perhaps they won t walk the way i want to go let me see i ll give them a new pair of boots every christmas and she went on planning to herself how she would manage it,750,159,0,2,transformation,curious,"['vertical', 'elongated', 'tapered']","['stretching', 'receding', 'expanding']",0.6,0.0,2,0.6666666666666665
alice_ch03_c002,3,2,"`They must go by the carrier,' she thought; `and how funny it'll seem, sending presents to one's own feet! And how odd the directions will look! ALICE'S RIGHT FOOT, ESQ. HEARTHRUG, NEAR THE FENDER, (WITH ALICE'S LOVE). Oh dear, what nonsense I'm talking!' Just then her head struck against the roof of the hall: in fact she was now more than nine feet high, and she at once took up the little golden key and hurried off to the garden door. Poor Alice! It was as much as she could do, lying down on one side, to look through into the garden with one eye; but to get through was more hopeless than ever: she sat down and began to cry again. `You ought to be ashamed of yourself,' said Alice, `a great girl like you,' (she might well say this), `to go on crying in this way!",they must go by the carrier she thought and how funny it ll seem sending presents to one s own feet and how odd the directions will look alice s right foot esq hearthrug near the fender with alice s love oh dear what nonsense i m talking just then her head struck against the roof of the hall in fact she was now more than nine feet high and she at once took up the little golden key and hurried off to the garden door poor alice it was as much as she could do lying down on one side to look through into the garden with one eye but to get through was more hopeless than ever she sat down and began to cry again you ought to be ashamed of yourself said alice a great girl like you she might well say this to go on crying in this way,732,153,2,2,transformation,anxious,"['vertical', 'low-ceiling', 'narrow']","['growing', 'colliding', 'crouching']",0.7,0.625,2,0.8333333333333331
alice_ch03_c003,3,3,"Stop this moment, I tell you!' But she went on all the same, shedding gallons of tears, until there was a large pool all round her, about four inches deep and reaching half down the hall. After a time she heard a little pattering of feet in the distance, and she hastily dried her eyes to see what was coming. It was the White Rabbit returning, splendidly dressed, with a pair of white kid gloves in one hand and a large fan in the other: he came trotting along in a great hurry, muttering to himself as he came, `Oh! the Duchess, the Duchess! Oh!",stop this moment i tell you but she went on all the same shedding gallons of tears until there was a large pool all round her about four inches deep and reaching half down the hall after a time she heard a little pattering of feet in the distance and she hastily dried her eyes to see what was coming it was the white rabbit returning splendidly dressed with a pair of white kid gloves in one hand and a large fan in the other he came trotting along in a great hurry muttering to himself as he came oh the duchess the duchess oh,528,105,2,2,corridor,anxious,"['long', 'narrow', 'linear']","['flowing', 'spreading', 'trotting']",0.7,1.25,2,0.8333333333333331
alice_ch03_c004,3,4,"won't she be savage if I've kept her waiting!' Alice felt so desperate that she was ready to ask help of any one; so, when the Rabbit came near her, she began, in a low, timid voice, `If you please, sir--' The Rabbit started violently, dropped the white kid gloves and the fan, and skurried away into the darkness as hard as he could go. Alice took up the fan and gloves, and, as the hall was very hot, she kept fanning herself all the time she went on talking: `Dear, dear! How queer everything is to-day! And yesterday things went on just as usual. I wonder if I've been changed in the night? Let me think: was I the same when I got up this morning? I almost think I can remember feeling a little different. But if I'm not the same, the next question is, Who in the world am I?",won t she be savage if i ve kept her waiting alice felt so desperate that she was ready to ask help of any one so when the rabbit came near her she began in a low timid voice if you please sir the rabbit started violently dropped the white kid gloves and the fan and skurried away into the darkness as hard as he could go alice took up the fan and gloves and as the hall was very hot she kept fanning herself all the time she went on talking dear dear how queer everything is to day and yesterday things went on just as usual i wonder if i ve been changed in the night let me think was i the same when i got up this morning i almost think i can remember feeling a little different but if i m not the same the next question is who in the world am i,747,158,2,2,corridor,anxious,"['long', 'enclosed', 'dim']","['falling', 'darting', 'oscillating']",0.6,1.875,2,0.6666666666666665
alice_ch03_c005,3,5,"Ah, THAT'S the great puzzle!' And she began thinking over all the children she knew that were of the same age as herself, to see if she could have been changed for any of them. `I'm sure I'm not Ada,' she said, `for her hair goes in such long ringlets, and mine doesn't go in ringlets at all; and I'm sure I can't be Mabel, for I know all sorts of things, and she, oh! she knows such a very little! Besides, SHE'S she, and I'm I, and--oh dear, how puzzling it all is! I'll try if I know all the things I used to know. Let me see: four times five is twelve, and four times six is thirteen, and four times seven is--oh dear! I shall never get to twenty at that rate! However, the Multiplication Table doesn't signify: let's try Geography.",ah that s the great puzzle and she began thinking over all the children she knew that were of the same age as herself to see if she could have been changed for any of them i m sure i m not ada she said for her hair goes in such long ringlets and mine doesn t go in ringlets at all and i m sure i can t be mabel for i know all sorts of things and she oh she knows such a very little besides she s she and i m i and oh dear how puzzling it all is i ll try if i know all the things i used to know let me see four times five is twelve and four times six is thirteen and four times seven is oh dear i shall never get to twenty at that rate however the multiplication table doesn t signify let s try geography,703,157,2,2,dream_fall,dreamlike,"['vertical', 'narrow', 'tubular']","['falling', 'drifting', 'tumbling']",0.5,2.5,2,0.4999999999999999
alice_ch03_c006,3,6,"London is the capital of Paris, and Paris is the capital of Rome, and Rome--no, THAT'S all wrong, I'm certain! I must have been changed for Mabel! I'll try and say ""How doth the little--""' and she crossed her hands on her lap as if she were saying lessons, and began to repeat it, but her voice sounded hoarse and strange, and the words did not come the same as they used to do:-- `How doth the little crocodile Improve his shining tail, And pour the waters of the Nile On every golden scale!",london is the capital of paris and paris is the capital of rome and rome no that s all wrong i m certain i must have been changed for mabel i ll try and say how doth the little and she crossed her hands on her lap as if she were saying lessons and began to repeat it but her voice sounded hoarse and strange and the words did not come the same as they used to do how doth the little crocodile improve his shining tail and pour the waters of the nile on every golden scale,471,98,2,4,nonsense,absurd,"['warped', 'layered', 'fragmented']","['shifting', 'warping', 'jittering']",0.35,3.125,4,0.24999999999999992
alice_ch03_c007,3,7,"`How cheerfully he seems to grin, How neatly spread his claws, And welcome little fishes in With gently smiling jaws!' `I'm sure those are not the right words,' said poor Alice, and her eyes filled with tears again as she went on, `I must be Mabel after all, and I shall have to go and live in that poky little house, and have next to no toys to play with, and oh! ever so many lessons to learn! No, I've made up my mind about it; if I'm Mabel, I'll stay down here! It'll be no use their putting their heads down and saying ""Come up again, dear!"" I shall only look up and say ""Who am I then?",how cheerfully he seems to grin how neatly spread his claws and welcome little fishes in with gently smiling jaws i m sure those are not the right words said poor alice and her eyes filled with tears again as she went on i must be mabel after all and i shall have to go and live in that poky little house and have next to no toys to play with and oh ever so many lessons to learn no i ve made up my mind about it if i m mabel i ll stay down here it ll be no use their putting their heads down and saying come up again dear i shall only look up and say who am i then,565,124,2,2,dream_fall,anxious,"['vertical', 'narrow', 'cylindrical']","['falling', 'descending', 'drifting']",0.6,3.75,2,0.6666666666666665
alice_ch03_c008,3,8,"Tell me that first, and then, if I like being that person, I'll come up: if not, I'll stay down here till I'm somebody else""--but, oh dear!' cried Alice, with a sudden burst of tears, `I do wish they WOULD put their heads down! I am so VERY tired of being all alone here!' As she said this she looked down at her hands, and was surprised to see that she had put on one of the Rabbit's little white kid gloves while she was talking. `How CAN I have done that?' she thought.",tell me that first and then if i like being that person i ll come up if not i ll stay down here till i m somebody else but oh dear cried alice with a sudden burst of tears i do wish they would put their heads down i am so very tired of being all alone here as she said this she looked down at her hands and was surprised to see that she had put on one of the rabbit s little white kid gloves while she was talking how can i have done that she thought,450,99,2,2,rabbit_hole,anxious,"['narrow', 'vertical', 'spiral']","['falling', 'slipping', 'drifting']",0.4,4.375,2,0.3333333333333333
alice_ch03_c009,3,9,"`I must be growing small again.' She got up and went to the table to measure herself by it, and found that, as nearly as she could guess, she was now about two feet high, and was going on shrinking rapidly: she soon found out that the cause of this was the fan she was holding, and she dropped it hastily, just in time to avoid shrinking away altogether. `That WAS a narrow escape!' said Alice, a good deal frightened at the sudden change, but very glad to find herself still in existence; `and now for the garden!' and she ran with all speed back to the little door: but, alas! the little door was shut again, and the little golden key was lying on the glass table as before, `and things are worse than ever,' thought the poor child, `for I never was so small as this before, never!",i must be growing small again she got up and went to the table to measure herself by it and found that as nearly as she could guess she was now about two feet high and was going on shrinking rapidly she soon found out that the cause of this was the fan she was holding and she dropped it hastily just in time to avoid shrinking away altogether that was a narrow escape said alice a good deal frightened at the sudden change but very glad to find herself still in existence and now for the garden and she ran with all speed back to the little door but alas the little door was shut again and the little golden key was lying on the glass table as before and things are worse than ever thought the poor child for i never was so small as this before never,751,150,0,2,transformation,anxious,"['narrow', 'low', 'confined']","['shrinking', 'running', 'dropping']",0.8,5.0,2,1.0
alice_ch03_c010,3,10,"And I declare it's too bad, that it is!' As she said these words her foot slipped, and in another moment, splash! she was up to her chin in salt water. Her first idea was that she had somehow fallen into the sea, `and in that case I can go back by railway,' she said to herself. (Alice had been to the seaside once in her life, and had come to the general conclusion, that wherever you go to on the English coast you find a number of bathing machines in the sea, some children digging in the sand with wooden spades, then a row of lodging houses, and behind them a railway station.) However, she soon made out that she was in the pool of tears which she had wept when she was nine feet high. `I wish I hadn't cried so much!' said Alice, as she swam about, trying to find her way out.",and i declare it s too bad that it is as she said these words her foot slipped and in another moment splash she was up to her chin in salt water her first idea was that she had somehow fallen into the sea and in that case i can go back by railway she said to herself alice had been to the seaside once in her life and had come to the general conclusion that wherever you go to on the english coast you find a number of bathing machines in the sea some children digging in the sand with wooden spades then a row of lodging houses and behind them a railway station however she soon made out that she was in the pool of tears which she had wept when she was nine feet high i wish i hadn t cried so much said alice as she swam about trying to find her way out,755,158,4,2,dream_fall,anxious,"['vertical', 'concave', 'expansive']","['falling', 'submerging', 'drifting']",0.7,5.625,2,0.8333333333333331
alice_ch03_c011,3,11,"`I shall be punished for it now, I suppose, by being drowned in my own tears! That WILL be a queer thing, to be sure! However, everything is queer to-day.' Just then she heard something splashing about in the pool a little way off, and she swam nearer to make out what it was: at first she thought it must be a walrus or hippopotamus, but then she remembered how small she was now, and she soon made out that it was only a mouse that had slipped in like herself. `Would it be of any use, now,' thought Alice, `to speak to this mouse? Everything is so out-of-the-way down here, that I should think very likely it can talk: at any rate, there's no harm in trying.' So she began: `O Mouse, do you know the way out of this pool?",i shall be punished for it now i suppose by being drowned in my own tears that will be a queer thing to be sure however everything is queer to day just then she heard something splashing about in the pool a little way off and she swam nearer to make out what it was at first she thought it must be a walrus or hippopotamus but then she remembered how small she was now and she soon made out that it was only a mouse that had slipped in like herself would it be of any use now thought alice to speak to this mouse everything is so out of the way down here that i should think very likely it can talk at any rate there s no harm in trying so she began o mouse do you know the way out of this pool,694,147,2,2,dream_fall,anxious,"['submerged', 'enclosed', 'small-scale']","['splashing', 'swimming', 'sloshing']",0.6,6.25,2,0.6666666666666665
alice_ch03_c012,3,12,"I am very tired of swimming about here, O Mouse!' (Alice thought this must be the right way of speaking to a mouse: she had never done such a thing before, but she remembered having seen in her brother's Latin Grammar, `A mouse--of a mouse--to a mouse--a mouse--O mouse!' The Mouse looked at her rather inquisitively, and seemed to her to wink with one of its little eyes, but it said nothing. `Perhaps it doesn't understand English,' thought Alice; `I daresay it's a French mouse, come over with William the Conqueror.' (For, with all her knowledge of history, Alice had no very clear notion how long ago anything had happened.) So she began again: `Ou est ma chatte?' which was the first sentence in her French lesson-book.",i am very tired of swimming about here o mouse alice thought this must be the right way of speaking to a mouse she had never done such a thing before but she remembered having seen in her brother s latin grammar a mouse of a mouse to a mouse a mouse o mouse the mouse looked at her rather inquisitively and seemed to her to wink with one of its little eyes but it said nothing perhaps it doesn t understand english thought alice i daresay it s a french mouse come over with william the conqueror for with all her knowledge of history alice had no very clear notion how long ago anything had happened so she began again ou est ma chatte which was the first sentence in her french lesson book,690,135,2,2,nonsense,curious,"['enclosed', 'horizontal', 'expansive']","['drifting', 'floating', 'undulating']",0.2,6.875,2,0.0
alice_ch03_c013,3,13,"The Mouse gave a sudden leap out of the water, and seemed to quiver all over with fright. `Oh, I beg your pardon!' cried Alice hastily, afraid that she had hurt the poor animal's feelings. `I quite forgot you didn't like cats.' `Not like cats!' cried the Mouse, in a shrill, passionate voice. `Would YOU like cats if you were me?' `Well, perhaps not,' said Alice in a soothing tone: `don't be angry about it. And yet I wish I could show you our cat Dinah: I think you'd take a fancy to cats if you could only see her.",the mouse gave a sudden leap out of the water and seemed to quiver all over with fright oh i beg your pardon cried alice hastily afraid that she had hurt the poor animal s feelings i quite forgot you didn t like cats not like cats cried the mouse in a shrill passionate voice would you like cats if you were me well perhaps not said alice in a soothing tone don t be angry about it and yet i wish i could show you our cat dinah i think you d take a fancy to cats if you could only see her,488,104,2,2,rabbit_hole,anxious,"['enclosed', 'shallow', 'undulating']","['leaping', 'quivering', 'splashing']",0.4,7.5,2,0.3333333333333333
alice_ch03_c014,3,14,"She is such a dear quiet thing,' Alice went on, half to herself, as she swam lazily about in the pool, `and she sits purring so nicely by the fire, licking her paws and washing her face--and she is such a nice soft thing to nurse--and she's such a capital one for catching mice--oh, I beg your pardon!' cried Alice again, for this time the Mouse was bristling all over, and she felt certain it must be really offended. `We won't talk about her any more if you'd rather not.' `We indeed!' cried the Mouse, who was trembling down to the end of his tail. `As if I would talk on such a subject! Our family always HATED cats: nasty, low, vulgar things! Don't let me hear the name again!' `I won't indeed!' said Alice, in a great hurry to change the subject of conversation.",she is such a dear quiet thing alice went on half to herself as she swam lazily about in the pool and she sits purring so nicely by the fire licking her paws and washing her face and she is such a nice soft thing to nurse and she s such a capital one for catching mice oh i beg your pardon cried alice again for this time the mouse was bristling all over and she felt certain it must be really offended we won t talk about her any more if you d rather not we indeed cried the mouse who was trembling down to the end of his tail as if i would talk on such a subject our family always hated cats nasty low vulgar things don t let me hear the name again i won t indeed said alice in a great hurry to change the subject of conversation,731,153,2,2,nonsense,anxious,"['horizontal', 'fluid', 'bounded']","['swimming', 'trembling', 'drifting']",0.4,8.125,2,0.3333333333333333
alice_ch03_c015,3,15,"`Are you--are you fond--of--of dogs?' The Mouse did not answer, so Alice went on eagerly: `There is such a nice little dog near our house I should like to show you! A little bright-eyed terrier, you know, with oh, such long curly brown hair! And it'll fetch things when you throw them, and it'll sit up and beg for its dinner, and all sorts of things--I can't remember half of them--and it belongs to a farmer, you know, and he says it's so useful, it's worth a hundred pounds! He says it kills all the rats and--oh dear!' cried Alice in a sorrowful tone, `I'm afraid I've offended it again!' For the Mouse was swimming away from her as hard as it could go, and making quite a commotion in the pool as it went. So she called softly after it, `Mouse dear!",are you are you fond of of dogs the mouse did not answer so alice went on eagerly there is such a nice little dog near our house i should like to show you a little bright eyed terrier you know with oh such long curly brown hair and it ll fetch things when you throw them and it ll sit up and beg for its dinner and all sorts of things i can t remember half of them and it belongs to a farmer you know and he says it s so useful it s worth a hundred pounds he says it kills all the rats and oh dear cried alice in a sorrowful tone i m afraid i ve offended it again for the mouse was swimming away from her as hard as it could go and making quite a commotion in the pool as it went so she called softly after it mouse dear,720,157,2,2,nonsense,anxious,"['expansive', 'shallow', 'bounded']","['swimming', 'splashing', 'rippling']",0.5,8.75,2,0.4999999999999999
alice_ch03_c016,3,16,"Do come back again, and we won't talk about cats or dogs either, if you don't like them!' When the Mouse heard this, it turned round and swam slowly back to her: its face was quite pale (with passion, Alice thought), and it said in a low trembling voice, `Let us get to the shore, and then I'll tell you my history, and you'll understand why it is I hate cats and dogs.' It was high time to go, for the pool was getting quite crowded with the birds and animals that had fallen into it: there were a Duck and a Dodo, a Lory and an Eaglet, and several other curious creatures. Alice led the way, and the whole party swam to the shore.",do come back again and we won t talk about cats or dogs either if you don t like them when the mouse heard this it turned round and swam slowly back to her its face was quite pale with passion alice thought and it said in a low trembling voice let us get to the shore and then i ll tell you my history and you ll understand why it is i hate cats and dogs it was high time to go for the pool was getting quite crowded with the birds and animals that had fallen into it there were a duck and a dodo a lory and an eaglet and several other curious creatures alice led the way and the whole party swam to the shore,609,129,2,2,dream_fall,anxious,"['curved', 'horizontal', 'bounded']","['swimming', 'drifting', 'converging']",0.6,9.375,2,0.6666666666666665
alice_ch04_c001,4,1,"A Caucus-Race and a Long Tale They were indeed a queer-looking party that assembled on the bank--the birds with draggled feathers, the animals with their fur clinging close to them, and all dripping wet, cross, and uncomfortable. The first question of course was, how to get dry again: they had a consultation about this, and after a few minutes it seemed quite natural to Alice to find herself talking familiarly with them, as if she had known them all her life. Indeed, she had quite a long argument with the Lory, who at last turned sulky, and would only say, `I am older than you, and must know better'; and this Alice would not allow without knowing how old it was, and, as the Lory positively refused to tell its age, there was no more to be said.",a caucus race and a long tale they were indeed a queer looking party that assembled on the bank the birds with draggled feathers the animals with their fur clinging close to them and all dripping wet cross and uncomfortable the first question of course was how to get dry again they had a consultation about this and after a few minutes it seemed quite natural to alice to find herself talking familiarly with them as if she had known them all her life indeed she had quite a long argument with the lory who at last turned sulky and would only say i am older than you and must know better and this alice would not allow without knowing how old it was and as the lory positively refused to tell its age there was no more to be said,730,141,0,2,nonsense,absurd,"['open', 'horizontal', 'irregular']","['dripping', 'clinging', 'converging']",0.35,0.0,2,0.24999999999999992
alice_ch04_c002,4,2,"At last the Mouse, who seemed to be a person of authority among them, called out, `Sit down, all of you, and listen to me! I'LL soon make you dry enough!' They all sat down at once, in a large ring, with the Mouse in the middle. Alice kept her eyes anxiously fixed on it, for she felt sure she would catch a bad cold if she did not get dry very soon. `Ahem!' said the Mouse with an important air, `are you all ready? This is the driest thing I know. Silence all round, if you please! ""William the Conqueror, whose cause was favoured by the pope, was soon submitted to by the English, who wanted leaders, and had been of late much accustomed to usurpation and conquest. Edwin and Morcar, the earls of Mercia and Northumbria--""' `Ugh!' said the Lory, with a shiver.",at last the mouse who seemed to be a person of authority among them called out sit down all of you and listen to me i ll soon make you dry enough they all sat down at once in a large ring with the mouse in the middle alice kept her eyes anxiously fixed on it for she felt sure she would catch a bad cold if she did not get dry very soon ahem said the mouse with an important air are you all ready this is the driest thing i know silence all round if you please william the conqueror whose cause was favoured by the pope was soon submitted to by the english who wanted leaders and had been of late much accustomed to usurpation and conquest edwin and morcar the earls of mercia and northumbria ugh said the lory with a shiver,724,146,2,4,nonsense,anxious,"['circular', 'ring-shaped', 'planar']","['settling', 'trembling', 'converging']",0.4,0.625,4,0.3333333333333333
alice_ch04_c003,4,3,"`I beg your pardon!' said the Mouse, frowning, but very politely: `Did you speak?' `Not I!' said the Lory hastily. `I thought you did,' said the Mouse. `--I proceed. ""Edwin and Morcar, the earls of Mercia and Northumbria, declared for him: and even Stigand, the patriotic archbishop of Canterbury, found it advisable--""' `Found WHAT?' said the Duck. `Found IT,' the Mouse replied rather crossly: `of course you know what ""it"" means.' `I know what ""it"" means well enough, when I find a thing,' said the Duck: `it's generally a frog or a worm. The question is, what did the archbishop find?' The Mouse did not notice this question, but hurriedly went on, `""--found it advisable to go with Edgar Atheling to meet William and offer him the crown. William's conduct at first was moderate.",i beg your pardon said the mouse frowning but very politely did you speak not i said the lory hastily i thought you did said the mouse i proceed edwin and morcar the earls of mercia and northumbria declared for him and even stigand the patriotic archbishop of canterbury found it advisable found what said the duck found it the mouse replied rather crossly of course you know what it means i know what it means well enough when i find a thing said the duck it s generally a frog or a worm the question is what did the archbishop find the mouse did not notice this question but hurriedly went on found it advisable to go with edgar atheling to meet william and offer him the crown william s conduct at first was moderate,719,136,2,3,nonsense,absurd,"['flat', 'linear', 'confined']","['drifting', 'shuffling', 'swaying']",0.2,1.25,3,0.0
alice_ch04_c004,4,4,"But the insolence of his Normans--"" How are you getting on now, my dear?' it continued, turning to Alice as it spoke. `As wet as ever,' said Alice in a melancholy tone: `it doesn't seem to dry me at all.' `In that case,' said the Dodo solemnly, rising to its feet, `I move that the meeting adjourn, for the immediate adoption of more energetic remedies--' `Speak English!' said the Eaglet. `I don't know the meaning of half those long words, and, what's more, I don't believe you do either!' And the Eaglet bent down its head to hide a smile: some of the other birds tittered audibly.",but the insolence of his normans how are you getting on now my dear it continued turning to alice as it spoke as wet as ever said alice in a melancholy tone it doesn t seem to dry me at all in that case said the dodo solemnly rising to its feet i move that the meeting adjourn for the immediate adoption of more energetic remedies speak english said the eaglet i don t know the meaning of half those long words and what s more i don t believe you do either and the eaglet bent down its head to hide a smile some of the other birds tittered audibly,547,111,2,3,nonsense,absurd,"['circular', 'low-to-ground', 'scattered']","['turning', 'rising', 'bending']",0.3,1.875,3,0.1666666666666666
alice_ch04_c005,4,5,"`What I was going to say,' said the Dodo in an offended tone, `was, that the best thing to get us dry would be a Caucus-race.' `What IS a Caucus-race?' said Alice; not that she wanted much to know, but the Dodo had paused as if it thought that SOMEBODY ought to speak, and no one else seemed inclined to say anything. `Why,' said the Dodo, `the best way to explain it is to do it.' (And, as you might like to try the thing yourself, some winter day, I will tell you how the Dodo managed it.) First it marked out a race-course, in a sort of circle, (`the exact shape doesn't matter,' it said,) and then all the party were placed along the course, here and there.",what i was going to say said the dodo in an offended tone was that the best thing to get us dry would be a caucus race what is a caucus race said alice not that she wanted much to know but the dodo had paused as if it thought that somebody ought to speak and no one else seemed inclined to say anything why said the dodo the best way to explain it is to do it and as you might like to try the thing yourself some winter day i will tell you how the dodo managed it first it marked out a race course in a sort of circle the exact shape doesn t matter it said and then all the party were placed along the course here and there,623,133,2,2,nonsense,playful,"['circular', 'irregular', 'scattered']","['circling', 'looping', 'scattering']",0.25,2.5,2,0.0833333333333333
alice_ch04_c006,4,6,"There was no `One, two, three, and away,' but they began running when they liked, and left off when they liked, so that it was not easy to know when the race was over. However, when they had been running half an hour or so, and were quite dry again, the Dodo suddenly called out `The race is over!' and they all crowded round it, panting, and asking, `But who has won?' This question the Dodo could not answer without a great deal of thought, and it sat for a long time with one finger pressed upon its forehead (the position in which you usually see Shakespeare, in the pictures of him), while the rest waited in silence. At last the Dodo said, `EVERYBODY has won, and all must have prizes.' `But who is to give the prizes?' quite a chorus of voices asked.",there was no one two three and away but they began running when they liked and left off when they liked so that it was not easy to know when the race was over however when they had been running half an hour or so and were quite dry again the dodo suddenly called out the race is over and they all crowded round it panting and asking but who has won this question the dodo could not answer without a great deal of thought and it sat for a long time with one finger pressed upon its forehead the position in which you usually see shakespeare in the pictures of him while the rest waited in silence at last the dodo said everybody has won and all must have prizes but who is to give the prizes quite a chorus of voices asked,721,144,2,4,nonsense,absurd,"['open', 'circular', 'irregular']","['circulating', 'halting', 'converging']",0.4,3.125,4,0.3333333333333333
alice_ch04_c007,4,7,"`Why, SHE, of course,' said the Dodo, pointing to Alice with one finger; and the whole party at once crowded round her, calling out in a confused way, `Prizes! Prizes!' Alice had no idea what to do, and in despair she put her hand in her pocket, and pulled out a box of comfits, (luckily the salt water had not got into it), and handed them round as prizes. There was exactly one a-piece all round. `But she must have a prize herself, you know,' said the Mouse. `Of course,' the Dodo replied very gravely. `What else have you got in your pocket?' he went on, turning to Alice. `Only a thimble,' said Alice sadly. `Hand it over here,' said the Dodo.",why she of course said the dodo pointing to alice with one finger and the whole party at once crowded round her calling out in a confused way prizes prizes alice had no idea what to do and in despair she put her hand in her pocket and pulled out a box of comfits luckily the salt water had not got into it and handed them round as prizes there was exactly one a piece all round but she must have a prize herself you know said the mouse of course the dodo replied very gravely what else have you got in your pocket he went on turning to alice only a thimble said alice sadly hand it over here said the dodo,605,123,2,2,nonsense,chaotic,"['circular', 'radial', 'dense']","['converging', 'circling', 'jostling']",0.6,3.75,2,0.6666666666666665
alice_ch04_c008,4,8,"Then they all crowded round her once more, while the Dodo solemnly presented the thimble, saying `We beg your acceptance of this elegant thimble'; and, when it had finished this short speech, they all cheered. Alice thought the whole thing very absurd, but they all looked so grave that she did not dare to laugh; and, as she could not think of anything to say, she simply bowed, and took the thimble, looking as solemn as she could. The next thing was to eat the comfits: this caused some noise and confusion, as the large birds complained that they could not taste theirs, and the small ones choked and had to be patted on the back. However, it was over at last, and they sat down again in a ring, and begged the Mouse to tell them something more.",then they all crowded round her once more while the dodo solemnly presented the thimble saying we beg your acceptance of this elegant thimble and when it had finished this short speech they all cheered alice thought the whole thing very absurd but they all looked so grave that she did not dare to laugh and as she could not think of anything to say she simply bowed and took the thimble looking as solemn as she could the next thing was to eat the comfits this caused some noise and confusion as the large birds complained that they could not taste theirs and the small ones choked and had to be patted on the back however it was over at last and they sat down again in a ring and begged the mouse to tell them something more,726,139,2,2,tea_party,absurd,"['ring-shaped', 'planar', 'compact']","['converging', 'jostling', 'settling']",0.35,4.375,2,0.24999999999999992
alice_ch04_c009,4,9,"`You promised to tell me your history, you know,' said Alice, `and why it is you hate--C and D,' she added in a whisper, half afraid that it would be offended again. `Mine is a long and a sad tale!' said the Mouse, turning to Alice, and sighing. `It IS a long tail, certainly,' said Alice, looking down with wonder at the Mouse's tail; `but why do you call it sad?' And she kept on puzzling about it while the Mouse was speaking, so that her idea of the tale was something like this:-- `Fury said to a mouse, That he met in the house, ""Let us both go to law: I will prosecute YOU.",you promised to tell me your history you know said alice and why it is you hate c and d she added in a whisper half afraid that it would be offended again mine is a long and a sad tale said the mouse turning to alice and sighing it is a long tail certainly said alice looking down with wonder at the mouse s tail but why do you call it sad and she kept on puzzling about it while the mouse was speaking so that her idea of the tale was something like this fury said to a mouse that he met in the house let us both go to law i will prosecute you,544,117,2,2,court,curious,"['elongated', 'linear', 'confined']","['rotating', 'leaning', 'dangling']",0.25,5.0,2,0.0833333333333333
alice_ch04_c010,4,10,"--Come, I'll take no denial; We must have a trial: For really this morning I've nothing to do."" Said the mouse to the cur, ""Such a trial, dear Sir, With no jury or judge, would be wasting our breath."" ""I'll be judge, I'll be jury,"" Said cunning old Fury: ""I'll try the whole cause, and condemn you to death.""' `You are not attending!' said the Mouse to Alice severely. `What are you thinking of?' `I beg your pardon,' said Alice very humbly: `you had got to the fifth bend, I think?' `I had NOT!' cried the Mouse, sharply and very angrily. `A knot!' said Alice, always ready to make herself useful, and looking anxiously about her. `Oh, do let me help to undo it!' `I shall do nothing of the sort,' said the Mouse, getting up and walking away.",come i ll take no denial we must have a trial for really this morning i ve nothing to do said the mouse to the cur such a trial dear sir with no jury or judge would be wasting our breath i ll be judge i ll be jury said cunning old fury i ll try the whole cause and condemn you to death you are not attending said the mouse to alice severely what are you thinking of i beg your pardon said alice very humbly you had got to the fifth bend i think i had not cried the mouse sharply and very angrily a knot said alice always ready to make herself useful and looking anxiously about her oh do let me help to undo it i shall do nothing of the sort said the mouse getting up and walking away,684,144,2,4,court,tense,"['curved', 'narrow', 'irregular']","['receding', 'rotating', 'contracting']",0.7,5.625,4,0.8333333333333331
alice_ch04_c011,4,11,"`You insult me by talking such nonsense!' `I didn't mean it!' pleaded poor Alice. `But you're so easily offended, you know!' The Mouse only growled in reply. `Please come back and finish your story!' Alice called after it; and the others all joined in chorus, `Yes, please do!' but the Mouse only shook its head impatiently, and walked a little quicker. `What a pity it wouldn't stay!' sighed the Lory, as soon as it was quite out of sight; and an old Crab took the opportunity of saying to her daughter `Ah, my dear! Let this be a lesson to you never to lose YOUR temper!' `Hold your tongue, Ma!' said the young Crab, a little snappishly. `You're enough to try the patience of an oyster!' `I wish I had our Dinah here, I know I do!' said Alice aloud, addressing nobody in particular.",you insult me by talking such nonsense i didn t mean it pleaded poor alice but you re so easily offended you know the mouse only growled in reply please come back and finish your story alice called after it and the others all joined in chorus yes please do but the mouse only shook its head impatiently and walked a little quicker what a pity it wouldn t stay sighed the lory as soon as it was quite out of sight and an old crab took the opportunity of saying to her daughter ah my dear let this be a lesson to you never to lose your temper hold your tongue ma said the young crab a little snappishly you re enough to try the patience of an oyster i wish i had our dinah here i know i do said alice aloud addressing nobody in particular,736,148,2,2,nonsense,absurd,"['flat', 'open', 'clustered']","['drifting', 'scattering', 'shaking']",0.25,6.25,2,0.0833333333333333
alice_ch04_c012,4,12,"`She'd soon fetch it back!' `And who is Dinah, if I might venture to ask the question?' said the Lory. Alice replied eagerly, for she was always ready to talk about her pet: `Dinah's our cat. And she's such a capital one for catching mice you can't think! And oh, I wish you could see her after the birds! Why, she'll eat a little bird as soon as look at it!' This speech caused a remarkable sensation among the party. Some of the birds hurried off at once: one old Magpie began wrapping itself up very carefully, remarking, `I really must be getting home; the night-air doesn't suit my throat!' and a Canary called out in a trembling voice to its children, `Come away, my dears! It's high time you were all in bed!' On various pretexts they all moved off, and Alice was soon left alone.",she d soon fetch it back and who is dinah if i might venture to ask the question said the lory alice replied eagerly for she was always ready to talk about her pet dinah s our cat and she s such a capital one for catching mice you can t think and oh i wish you could see her after the birds why she ll eat a little bird as soon as look at it this speech caused a remarkable sensation among the party some of the birds hurried off at once one old magpie began wrapping itself up very carefully remarking i really must be getting home the night air doesn t suit my throat and a canary called out in a trembling voice to its children come away my dears it s high time you were all in bed on various pretexts they all moved off and alice was soon left alone,753,155,2,2,nonsense,anxious,"['open', 'clustered', 'horizontal']","['scattering', 'flitting', 'departing']",0.35,6.875,2,0.24999999999999992
alice_ch04_c013,4,13,"`I wish I hadn't mentioned Dinah!' she said to herself in a melancholy tone. `Nobody seems to like her, down here, and I'm sure she's the best cat in the world! Oh, my dear Dinah! I wonder if I shall ever see you any more!' And here poor Alice began to cry again, for she felt very lonely and low-spirited. In a little while, however, she again heard a little pattering of footsteps in the distance, and she looked up eagerly, half hoping that the Mouse had changed his mind, and was coming back to finish his story.",i wish i hadn t mentioned dinah she said to herself in a melancholy tone nobody seems to like her down here and i m sure she s the best cat in the world oh my dear dinah i wonder if i shall ever see you any more and here poor alice began to cry again for she felt very lonely and low spirited in a little while however she again heard a little pattering of footsteps in the distance and she looked up eagerly half hoping that the mouse had changed his mind and was coming back to finish his story,496,102,2,2,rabbit_hole,anxious,"['enclosed', 'subterranean', 'confined']","['echoing', 'rising', 'stirring']",0.35,7.5,2,0.24999999999999992
alice_ch05_c001,5,1,"The Rabbit Sends in a Little Bill It was the White Rabbit, trotting slowly back again, and looking anxiously about as it went, as if it had lost something; and she heard it muttering to itself `The Duchess! The Duchess! Oh my dear paws! Oh my fur and whiskers! She'll get me executed, as sure as ferrets are ferrets! Where CAN I have dropped them, I wonder?' Alice guessed in a moment that it was looking for the fan and the pair of white kid gloves, and she very good-naturedly began hunting about for them, but they were nowhere to be seen--everything seemed to have changed since her swim in the pool, and the great hall, with the glass table and the little door, had vanished completely.",the rabbit sends in a little bill it was the white rabbit trotting slowly back again and looking anxiously about as it went as if it had lost something and she heard it muttering to itself the duchess the duchess oh my dear paws oh my fur and whiskers she ll get me executed as sure as ferrets are ferrets where can i have dropped them i wonder alice guessed in a moment that it was looking for the fan and the pair of white kid gloves and she very good naturedly began hunting about for them but they were nowhere to be seen everything seemed to have changed since her swim in the pool and the great hall with the glass table and the little door had vanished completely,670,130,2,2,transformation,anxious,"['enclosed', 'labyrinthine', 'compressed']","['dissolving', 'shifting', 'fragmenting']",0.6,0.0,2,0.6666666666666665
alice_ch05_c002,5,2,"Very soon the Rabbit noticed Alice, as she went hunting about, and called out to her in an angry tone, `Why, Mary Ann, what ARE you doing out here? Run home this moment, and fetch me a pair of gloves and a fan! Quick, now!' And Alice was so much frightened that she ran off at once in the direction it pointed to, without trying to explain the mistake it had made. `He took me for his housemaid,' she said to herself as she ran. `How surprised he'll be when he finds out who I am! But I'd better take him his fan and gloves--that is, if I can find them.' As she said this, she came upon a neat little house, on the door of which was a bright brass plate with the name `W. RABBIT' engraved upon it.",very soon the rabbit noticed alice as she went hunting about and called out to her in an angry tone why mary ann what are you doing out here run home this moment and fetch me a pair of gloves and a fan quick now and alice was so much frightened that she ran off at once in the direction it pointed to without trying to explain the mistake it had made he took me for his housemaid she said to herself as she ran how surprised he ll be when he finds out who i am but i d better take him his fan and gloves that is if i can find them as she said this she came upon a neat little house on the door of which was a bright brass plate with the name w rabbit engraved upon it,667,143,2,2,rabbit_hole,anxious,"['narrow', 'enclosed', 'linear']","['linear_translation', 'accelerating', 'abrupt_stop']",0.6,0.625,2,0.6666666666666665
alice_ch05_c003,5,3,"She went in without knocking, and hurried upstairs, in great fear lest she should meet the real Mary Ann, and be turned out of the house before she had found the fan and gloves. `How queer it seems,' Alice said to herself, `to be going messages for a rabbit! I suppose Dinah'll be sending me on messages next!' And she began fancying the sort of thing that would happen: `""Miss Alice! Come here directly, and get ready for your walk!"" ""Coming in a minute, nurse!",she went in without knocking and hurried upstairs in great fear lest she should meet the real mary ann and be turned out of the house before she had found the fan and gloves how queer it seems alice said to herself to be going messages for a rabbit i suppose dinah ll be sending me on messages next and she began fancying the sort of thing that would happen miss alice come here directly and get ready for your walk coming in a minute nurse,440,86,2,2,corridor,anxious,"['vertical', 'narrow', 'enclosed']","['ascending', 'rapid_translation', 'punctuated_pauses']",0.6,1.25,2,0.6666666666666665
alice_ch05_c004,5,4,"But I've got to see that the mouse doesn't get out."" Only I don't think,' Alice went on, `that they'd let Dinah stop in the house if it began ordering people about like that!' By this time she had found her way into a tidy little room with a table in the window, and on it (as she had hoped) a fan and two or three pairs of tiny white kid gloves: she took up the fan and a pair of the gloves, and was just going to leave the room, when her eye fell upon a little bottle that stood near the looking- glass. There was no label this time with the words `DRINK ME,' but nevertheless she uncorked it and put it to her lips. `I know SOMETHING interesting is sure to happen,' she said to herself, `whenever I eat or drink anything; so I'll just see what this bottle does.",but i ve got to see that the mouse doesn t get out only i don t think alice went on that they d let dinah stop in the house if it began ordering people about like that by this time she had found her way into a tidy little room with a table in the window and on it as she had hoped a fan and two or three pairs of tiny white kid gloves she took up the fan and a pair of the gloves and was just going to leave the room when her eye fell upon a little bottle that stood near the looking glass there was no label this time with the words drink me but nevertheless she uncorked it and put it to her lips i know something interesting is sure to happen she said to herself whenever i eat or drink anything so i ll just see what this bottle does,737,158,2,2,transformation,curious,"['compact', 'enclosed', 'low-ceiling']","['tilting', 'reaching', 'shrinking']",0.6,1.875,2,0.6666666666666665
